Ph,Hardness,Solids,Chloramines,Sulfate,Conductivity,Organic_carbon,Trihalomethanes,Turbidity,Potability
8.316765884,214.3733941,22018.41744,8.059332377,356.8861356,363.2665162,18.4365245,100.3416744,4.628770537,0
9.092223456,181.1015092,17978.98634,6.546599974,310.1357375,398.4108134,11.55827944,31.99799273,4.075075425,0
5.584086638,188.3133238,28748.68774,7.544868789,326.6783629,280.4679159,8.39973464,54.91786184,2.559708228,0
10.22386216,248.0717353,28749.71654,7.513408466,393.6633955,283.6516335,13.78969532,84.60355617,2.672988737,0
8.635848719,203.3615226,13672.09176,4.563008686,303.3097712,474.6076449,12.3638167,62.79830896,4.401424715,0
5.400301781,140.7390623,17266.59342,10.05685248,328.3582407,472.8740733,11.25638117,56.93190645,4.82478639,0
6.514415093,198.7673513,21218.70287,8.67093692,323.596349,413.2904501,14.89999957,79.84784281,5.200885077,0
3.445061864,207.9262602,33424.76868,8.782147481,384.0070058,441.7858757,13.80590221,30.2845972,4.184396969,0
9.267187531,198.6143947,24683.72357,6.110612421,328.0775332,396.8769491,16.47196935,30.38331457,4.324004646,0
8.520806573,238.3351125,28779.65001,8.282808465,381.6493229,481.3188027,6.016336609,39.09117136,3.94060453,0
4.999413811,190.2870501,24323.8659,7.230164127,324.8930378,405.330482,8.236557503,99.42738492,4.460683932,0
3.906078355,233.402835,32144.79993,6.994839617,348.3594482,269.4490512,9.6541256,63.74306384,3.902879712,0
6.391353624,213.0178297,20965.47831,5.375559892,327.6505425,369.3381209,13.75810517,17.91572257,3.923749169,0
7.261550522,179.8897882,24964.7777,5.837086493,349.2692713,501.1827807,17.28771328,50.99300645,3.636364183,0
7.160467231,183.08931,6743.346066,3.803036424,277.5990986,428.0363444,9.79962469,90.03537367,3.884891044,0
5.704764776,116.2993299,33223.58153,7.05050316,297.0781535,504.378681,9.001820488,48.14703125,4.157533407,0
6.217273135,130.9444639,19460.38282,7.092462955,300.131272,556.65371,14.08360835,57.89707471,5.325833446,0
3.514545529,158.7320758,23029.66361,6.821679099,286.5228468,307.379142,9.712231911,79.85092857,3.762615331,0
3.722500486,163.6397469,37962.16799,6.684570274,326.6940179,467.5629729,14.56726886,50.5779791,3.662837732,0
6.455004797,176.6839728,24468.04839,5.756930039,314.7995983,477.5813462,16.24550434,57.72972383,2.293431406,0
7.316804754,217.522862,31903.39981,9.865047503,376.9379723,425.9134002,8.992754272,69.50921982,3.50837265,0
7.408985467,204.9617498,9566.12227,6.505923139,311.4526625,504.1459941,11.53214401,81.10693773,3.772420928,0
5.976769618,258.952732,27267.98186,7.648599331,383.6571521,514.1189201,12.25679025,82.46979843,2.994671096,0
6.395359132,133.8342291,23827.27502,5.127746861,266.9084283,573.4002951,9.833874585,95.02660928,4.191217515,0
6.20964226,195.4177209,13116.70771,7.879347671,323.0987,417.241656,7.507662315,70.54738691,3.612519615,0
6.762832522,232.0751766,27159.38435,7.884990658,350.4452927,465.4137746,13.86396488,64.81225738,4.916579161,0
9.918717064,199.1812511,21470.27831,6.79984141,329.178429,430.5077069,15.96604294,59.29227327,3.385508444,0
10.15544017,300.2924758,12652.36298,6.655126363,398.6477857,487.459131,9.347633986,67.91978869,5.00246726,0
8.721726711,206.3696824,28608.05208,6.325442404,377.4045382,506.9383527,13.55375101,42.38148394,2.555026904,0
9.02678772,253.2170742,27965.07215,6.588374366,373.5532353,588.3196505,16.14573205,59.12445085,2.019042018,0
6.953371603,203.1465468,11609.10905,5.495737655,304.2831932,551.1433372,9.387781276,55.95800559,3.651865808,0
6.140877557,197.8760897,26687.87448,7.587196418,329.2318529,548.0727613,15.83633021,41.26364788,5.359460295,0
7.077874007,220.6705396,23873.37821,6.181839616,341.9872341,333.0507859,10.66179894,90.29777033,4.764508265,0
5.488314309,135.8023617,21485.1532,8.187415791,280.6032867,441.3311375,14.86026268,88.28734556,5.066786272,0
7.205559175,120.3276153,24627.86756,6.202469332,289.7686966,418.4332899,13.64314709,63.73373237,3.710053126,0
9.177869866,163.2748283,20868.33122,7.726040434,320.4214322,426.9943932,10.2142746,62.43092616,3.108769988,0
4.270716195,166.8377085,24405.25053,7.391510138,297.2067392,349.5189104,13.47852645,54.47483954,3.763905903,0
7.875895135,226.2847878,12710.24945,7.303126583,346.4032581,445.3741474,6.063461913,63.12804403,4.238589203,0
7.725332908,252.2654912,36477.73811,8.386761008,426.5435898,339.4113267,17.48584425,60.48388466,3.724836704,0
3.388090611,212.0289445,20230.12558,8.56978153,349.1559987,353.9129274,18.20833967,82.38787399,2.798600948,0
6.506487767,202.2859379,17087.0769,6.201982767,326.6623683,481.7719343,16.53518593,46.20574791,3.548775589,0
6.643935775,151.8896001,10909.19459,3.749625148,240.9367221,437.9090052,15.26474235,64.2039637,3.812952926,0
5.03377399,155.3214775,34971.80748,7.121477448,320.115497,500.6373262,18.31249854,63.19330599,3.244948477,0
6.912607562,155.7404952,17973.17886,4.916302562,275.9082279,439.6480512,18.38071193,55.50746847,2.612248953,0
7.977635991,245.8951304,32170.06916,9.635636083,399.5831549,473.6624528,11.7283382,23.8170199,3.5521295,0
6.078335837,197.5019119,35957.79218,8.130472208,379.5277063,360.0604774,20.09841289,41.86595951,4.201580906,0
6.242414484,191.9087295,28149.41179,7.1304368,319.3067851,448.2425267,19.37009087,60.93948098,4.508705098,0
6.06335479,160.7673113,14775.1456,7.484103647,305.8285533,327.2702387,12.30901596,69.03845387,3.467336915,0
8.129585514,177.8989666,27834.2177,9.006007747,334.4385388,397.0214276,15.93626168,81.3907585,3.362537135,0
9.562405944,202.0136426,13041.82914,5.820655208,327.118824,433.3816667,14.13906591,63.54899266,3.762719837,0
8.167792632,200.9137547,27141.3629,7.262416639,344.1611343,525.5987875,16.142284,66.23143554,4.289395484,0
6.825467901,187.0517097,46140.12685,6.137757462,352.7021822,373.4272355,12.60638165,58.75220132,3.027449578,0
7.861177701,204.2742411,25145.02412,7.923315375,338.2138034,469.4869612,15.99341035,86.16729829,4.157656628,0
4.96577356,220.8486386,21802.7449,6.250578031,311.598136,386.4133315,18.03523754,53.90817735,3.421766849,0
6.207432968,192.9370271,13442.60347,5.81902294,325.9065618,533.7958508,14.68753934,60.48503329,3.549298841,0
7.633570088,199.6529996,16312.15497,9.900546897,358.5662821,420.5341718,10.53939227,100.242706,2.927066767,0
5.77119905,155.0508931,24909.44401,6.53126127,297.0093194,313.7019343,11.704789,85.68830345,4.688959065,0
6.579969329,197.2269809,17657.08418,4.506293474,290.2898943,254.3932756,9.847655276,73.74971647,4.575931872,0
4.801154368,180.7728708,13556.7344,8.977286381,322.062447,587.3950117,12.40136807,62.02818652,4.418638132,0
8.927078148,241.875105,22821.25438,8.549738274,367.9755579,380.1972,10.85928728,75.85706782,4.601860959,0
6.20801554,153.2211063,17358.79637,8.214938853,328.282029,481.1956735,14.27409228,62.71819917,4.334615732,0
6.128425635,141.4924095,9615.83271,7.62791913,277.9517037,415.0087369,16.43584291,50.69392671,4.633823862,0
6.867301322,174.1849764,24112.15347,5.529942236,297.6555749,484.1229389,11.482687,65.30441362,3.82359504,0
6.129637015,200.2781822,30989.94841,8.830102319,348.8681541,341.3885767,9.300117278,79.55361207,4.615886181,0
7.917049443,278.056321,27192.28056,9.220128211,424.7879959,358.7817362,15.05431287,56.83960203,3.659484625,0
6.511618075,181.8734217,29136.81462,7.685775096,345.7516385,475.3413507,12.32123216,52.43761714,4.850433708,0
5.323815584,232.36858,37625.75268,8.879822934,380.576472,580.8977004,12.29380305,55.31001941,2.880721846,0
6.769572869,168.9370725,11067.18115,7.121263609,305.7949503,289.5424601,18.54590296,62.00157128,5.22054027,0
5.87797404,141.6152867,13652.2932,5.701659125,279.7824004,538.4954044,12.03404227,67.90725801,4.032259504,0
9.534021716,201.955208,9472.61492,6.105708489,319.5764202,259.6368031,15.62561667,56.98,2.768238928,0
6.340027628,225.0281485,45222.50667,5.809031562,363.0057551,435.5004571,11.38593727,80.67031136,3.686001324,0
8.66159243,284.0983515,27088.47646,7.897856522,289.009,512.2773101,16.91214158,72.46576277,3.67043101,0
5.653506135,146.5902323,16462.46009,6.501596205,299.6446114,272.4405583,13.79526446,87.82258511,5.198985504,0
6.626012184,112.2994855,25839.8941,7.658746878,312.2470431,327.2480786,19.40914656,85.78510284,4.194313129,0
7.793833573,176.8664829,18344.68036,7.567676884,338.2295973,371.216973,9.039042454,76.28807631,4.172935335,0
7.59312765,261.5661726,18371.0572,6.297542536,354.987,387.6295723,16.57598077,51.83094808,3.377337638,0
7.362736502,185.692181,16268.44861,5.317019275,316.9186485,419.2584481,16.02424609,64.67891377,4.408513182,0
9.320305445,129.8238585,16002.13832,4.405034532,271.6705616,499.8441671,13.0768589,82.8375829,4.205809732,0
3.719791644,248.8592673,23590.93213,7.683742221,351.5554822,427.4959312,20.39378167,38.6049369,2.718397734,0
6.655605026,216.4411715,20571.84571,8.984236816,389.765,336.8314548,17.74599613,71.70430486,2.951644715,0
9.868877881,214.1662353,15326.85591,3.35159782,297.0841735,424.2928308,19.18844138,70.0705141,3.355489791,0
5.590614436,229.1921395,35370.73552,7.98964067,426.98,469.4130904,13.28155615,76.9927158,4.726845017,0
5.554436511,229.1228286,31344.46039,7.761431064,298.789,306.872526,13.97480047,87.27337543,2.095914087,0
4.126528715,125.4748835,11215.9459,5.366011336,261.4447977,445.2414569,18.57592068,86.43365536,4.460200984,0
5.970035657,230.4493293,16324.1152,5.293918607,315.1861206,327.786642,13.32598708,39.55424883,5.428674072,0
7.895469246,154.2657803,7769.616119,7.205262042,258.3128794,407.7322172,16.42004096,63.01601758,4.2369473,0
7.947485786,269.809407,34440.77343,6.95828321,390.1042229,425.627814,13.74926131,56.63581132,3.70085384,0
10.02615916,224.2663577,14962.17783,7.428313128,336.9729496,517.5128415,18.85851888,65.36345158,4.182277582,0
6.48819324,225.4819088,34864.42789,8.951692285,385.5056354,324.5098409,12.6965448,97.11286019,4.592073571,0
5.869736755,207.7254552,22244.21824,6.59776434,352.563987,465.6164808,14.83810023,77.82273707,4.689315048,0
6.271012171,213.444685,24846.14187,8.372997049,276.976,543.3917436,17.91652637,84.57886851,5.303581361,0
7.957768344,276.7335689,17162.39842,7.841541553,397.4319622,514.421722,14.5297793,60.55969904,3.450745892,0
8.875642278,228.9215872,28487.7086,5.31873198,351.9607232,474.772519,14.68397047,52.57886002,4.006991559,0
7.084888,192.447171,18257.56927,7.472249066,313.7765458,462.4024491,13.93214538,53.18591655,4.358298341,0
6.613709118,141.1289215,25648.5695,7.222971557,295.2368921,374.7703158,14.03826326,74.2992498,3.539771111,0
7.735705022,137.3181658,16723.97724,7.675826174,282.5398923,595.3292635,18.75613937,63.04277916,2.148611536,0
9.925041328,238.7133934,10704.60318,6.110019418,351.5974227,405.9001841,13.55036657,59.46266898,4.703803489,0
9.00258311,202.9907653,19523.12486,7.244753274,330.3615123,366.4917287,15.68940449,55.69739952,4.904837415,0
5.095766465,273.4084481,26307.29845,10.2198041,380.2014982,513.8775793,18.27241832,61.42518695,4.35219347,0
8.594677108,263.7645927,23220.12061,6.394463065,383.9625918,588.8527329,13.579996,86.19163513,4.754072499,0
7.083779061,112.820254,8580.245561,4.210284081,234.8526993,434.7477154,23.39951606,94.1603073,3.887680685,0
7.682872498,180.7013755,12105.72193,5.396716118,296.2388769,469.8356255,15.83176344,61.8020951,3.778606788,0
4.443238899,178.9562058,25008.53225,4.948814509,298.576676,429.544773,17.72972404,56.34768853,3.268324836,0
6.978664262,183.2427962,23114.44608,6.500825402,323.1557769,470.0787053,16.08284748,65.99571677,4.766943236,0
6.623613566,203.0301413,17167.3013,6.049600899,311.7262883,410.2432475,15.91450007,65.02122897,2.915165951,0
3.664710562,201.0973162,28102.75663,5.682035302,330.0235306,291.1484489,17.47063098,75.10180148,3.316157657,0
4.814135621,205.2140411,17650.40505,8.121080147,350.4879387,414.030709,10.99941608,47.40266587,5.190851805,0
6.581878202,272.9827447,37169.4444,8.114731015,416.0834805,351.4768394,15.12933449,79.2610265,4.201662864,0
6.755145902,231.2601313,18536.69865,8.757133179,342.5480142,385.1146477,13.88883433,79.30243573,5.162729749,0
9.445129838,145.8054024,13168.52916,9.444471086,310.5833739,592.659021,8.606396747,77.57745951,3.875165247,1
9.024845037,128.0966912,19859.67648,8.016422649,300.150377,451.143481,14.77086294,73.77802565,3.985250506,1
6.869638941,251.2934475,21728.8213,8.803174745,279.7768565,539.4668769,12.99414,56.40970792,4.726702454,1
9.058628424,155.3575571,15737.46894,7.251978855,343.233977,463.389256,17.85447002,83.17518934,3.65213447,1
7.291888325,127.5442971,27784.04848,9.754475933,247.3354119,439.6493286,17.28504169,59.55632952,5.328712788,1
7.275908774,175.2203765,22644.76635,7.886854527,293.3098537,373.3456926,17.41168255,56.79928677,5.062297798,1
6.512737124,229.263861,22475.04687,12.58002649,192.0335917,479.5012786,9.983462392,66.66857615,4.612963629,1
7.207886781,175.8702941,35804.29261,8.066059052,320.1021726,468.5628288,16.16409127,71.14666068,3.762741072,1
10.7618978,81.71089527,25999.95367,8.477393872,318.4272408,392.7040818,12.71635014,52.24697244,4.661798516,1
6.286806948,258.3000516,13777.37619,7.483257698,328.6806496,563.4347751,16.46083688,73.51665351,4.104863275,1
9.794558699,129.8709584,20682.73174,9.390842593,291.9800835,427.1239484,11.85322809,78.71146943,2.945418738,1
8.210443565,167.1021915,13933.08536,10.42284178,243.4859418,391.0688736,13.74705768,61.05821029,4.97605516,1
6.552847474,198.8069397,34006.42073,8.691206175,274.9043512,477.1639068,14.36963009,78.17306259,4.687986155,1
7.628552723,156.7936942,26244.03691,8.337610434,255.0431936,495.9669861,13.63397438,65.60484125,4.182057148,1
4.79084054,268.7208812,17862.369,4.554573627,377.2411613,608.8468563,10.80631311,83.70223599,3.258858945,1
7.710959939,181.9381256,6552.626314,5.389248621,390.596392,516.2840829,17.01078491,58.24173419,4.28894682,1
8.075494508,195.8049958,29483.60185,10.49384092,298.7372193,321.7483389,9.751086325,72.73442314,3.682919645,1
9.868577,225.287704,22511.69262,7.05757788,377.1289704,291.3537014,11.59002511,72.5085229,4.081701398,1
10.04967372,132.8328367,11557.03204,8.550572663,323.508072,442.7680497,13.37614863,92.17616984,5.133477823,1
5.667650647,229.9283665,16953.89874,8.774306102,293.5742499,554.1205362,14.25464074,54.43670238,3.633213756,1
7.87587,181.6891637,27776.18026,7.589868762,298.2267188,417.6312019,8.630090798,72.92328888,3.807920062,1
6.79546901,187.7830201,15300.83867,7.486598424,316.9569345,498.665928,19.60042881,55.40111272,5.163088154,1
10.04102797,113.8311122,16266.43445,7.939074358,363.8668902,557.4860613,13.19534068,75.23322131,3.807562606,1
8.646757,273.2556208,44506.44156,8.412688131,233.792588,485.6472319,14.70501353,52.16423594,4.124780678,1
7.296037734,235.7351929,36043.70664,5.19621276,377.1906657,385.6143207,17.05271326,89.62355084,4.168526118,1
9.354564,161.8264761,29299.12335,7.028796694,350.4309403,375.7807164,19.7625765,86.69845685,3.497577391,1
5.862641233,185.0652199,44069.27216,4.382721317,412.6901114,331.5701387,15.30607892,59.60581211,5.50742094,1
7.292141805,174.480427,33991.65157,9.511792392,259.1649652,435.1080173,16.29361407,81.69010445,4.466912564,1
8.062805643,200.493112,11567.88784,9.889949955,243.654,510.4144025,10.65093547,40.99280881,4.471842,1
7.82197094,157.1815455,23318.18798,9.08403988,324.8516587,294.6365314,17.18676578,72.56837619,3.532958335,1
11.301794,77.4595861,39227.61946,8.517986143,337.5012466,410.8561139,14.32688885,53.12125964,3.309580397,1
6.593764313,233.5141325,25589.61059,9.785695834,2.65564,489.7034439,14.38960913,46.46398161,2.346578095,1
9.161088613,119.8419046,26618.05964,6.105573329,343.289234,379.7251816,10.89992641,54.58073576,4.888061137,1
7.64654,144.815264,14507.01781,5.819091707,353.6072754,290.8894718,8.942072174,67.58734608,5.922581692,1
4.642953052,307.7060241,16115.92986,7.707342333,455.876,439.9444081,18.44079003,60.14584226,3.982867293,1
7.798453676,188.3949423,32704.56929,11.07887248,258.1911841,507.1786883,18.27243924,85.17766213,4.107267203,1
5.564342491,256.20883,11245.73577,7.212253931,329.3383664,369.5555133,15.64005334,51.1503444,2.285987849,1
7.886591227,213.0525907,38852.02964,11.17078862,281.7007768,326.1153502,10.38517245,64.6625007,4.589983508,1
7.443189014,193.1247989,13551.95334,4.313264846,354.896,430.4872957,19.39632945,72.07558551,2.664832796,1
3.657123133,275.7671418,23736.81626,9.100772079,468.6746,426.2311291,17.98595656,55.69489291,3.31462973,1
9.597191857,167.088976,21153.32283,7.944469309,346.0750158,335.1976082,14.34767609,50.64244747,5.145152871,1
6.964225943,212.7644944,29957.19122,7.675187646,321.2508981,378.0855456,13.12769368,72.08900098,3.990437572,1
7.672909523,152.8783051,22989.35118,6.231913253,343.4390173,401.1408786,14.25268374,64.29129182,4.268227482,1
9.567822726,173.1114983,38787.46271,5.149999932,444.970552,492.4115244,12.90422086,48.48147718,4.197919055,1
4.296247024,278.1475241,19672.48721,4.955218159,414.6367262,330.067379,11.29318661,70.66553966,4.163328982,1
3.551579177,323.124,38969.38899,8.925515312,345.787,514.7629185,10.16030276,71.09999884,3.96599397,1
8.529669348,157.7004811,18203.73003,8.926826327,309.5419774,498.6508327,12.28782443,52.02874105,3.776040837,1
8.065339036,174.1205843,21366.2836,7.490944014,315.1804054,497.0192345,11.41701861,46.21319792,3.756391707,1
9.158445163,186.672973,15797.0304,8.151080662,333.8122638,425.7520176,12.18263888,112.622733,4.525236731,1
8.848586283,188.9199829,32033.33202,13.127,182.3973702,479.7919747,12.07044433,77.67133749,4.014681858,1
9.495456382,185.8785944,18088.35485,7.527375309,388.7686566,409.4509977,12.39770353,63.35914373,4.168541279,1
8.052893916,198.9944743,9025.07936,7.217787958,338.3969097,328.4331103,9.142523494,42.75321531,3.634844542,1
2.798549099,311.3839565,26931.24348,7.116897433,467.876,521.1405236,14.2351542,42.08035327,3.663252222,1
6.425873866,188.9802815,11965.39651,7.571122584,365.4536552,502.9910878,13.86648723,96.81811277,3.731936503,1
7.757269666,213.0484451,25259.78055,7.635152992,363.6848143,543.5287986,15.25402122,107.189584,4.165432286,1
7.748654706,239.7882778,29331.23663,10.71309662,217.0006071,441.5295473,16.3893839,87.865,2.511810493,1
5.117390303,225.6574044,30914.11158,6.207729478,371.6493915,356.8622871,8.073420571,77.38813808,3.937188442,1
7.481535362,218.2611698,12088.41645,4.870660378,407.2965498,518.3755726,17.12096224,56.71102421,4.262065437,1
5.374222585,201.3314401,19410.23376,3.239580331,384.5628382,350.1780398,13.45108878,46.8687,3.642778438,1
7.063646976,140.6128657,17941.81126,6.2753046,376.0461562,402.593602,12.43973968,29.46842812,3.39586624,1
6.876451043,190.8445136,21979.03167,5.630557592,363.8317057,349.1860855,9.55173234,68.41085133,4.545340927,1
4.812433652,250.1839535,11465.57564,4.362641198,398.1619036,607.0265423,18.2100315,62.51146711,3.0209959,1
4.993530734,242.6205031,13900.77927,6.467744129,678.765,429.8278189,17.27466256,61.24578836,3.153809337,1
4.788861062,234.8937026,28174.62052,10.85003648,187.4241309,444.8543208,11.78479884,89.01097412,2.896852186,1
4.037287739,291.4618974,52318.9173,7.779459314,376.8676,401.204271,16.54292133,87.81480026,3.04504857,1
6.505872509,240.2879117,29534.69029,6.775277154,341.7282393,265.2511986,13.57022302,93.16646544,4.497528597,1
6.779773967,153.8863093,24415.07056,7.322671669,456.878,459.8765496,14.78229043,93.91470179,2.729104523,1
6.952511674,211.6972974,33737.28852,6.300870702,558.765,395.4070038,14.18239607,39.80290707,4.105495485,1
5.628406919,226.8300426,28334.49194,8.012496989,293.9242728,351.1612132,15.01924062,35.17866216,5.050683115,1
5.966000489,194.796221,17350.05853,4.466577191,404.6099821,406.8063023,11.53998664,48.17335938,4.177139266,1
6.319431545,180.9656209,36278.71831,9.960552065,275.5917457,307.6913606,18.19693095,93.59424603,2.653126688,1
8.02724787,193.3524164,7714.746969,6.087237735,478.687,440.938978,22.50467944,62.00704373,3.480640837,1
8.882684452,135.5230624,4857.253807,5.209778933,575.868,532.3366593,20.29627439,20.33775264,3.827920867,1
5.991283475,224.6085628,29983.11601,7.383818681,329.7315466,604.6312629,17.74122824,65.11697561,4.840562301,1
10.27244427,163.6246234,18894.85239,10.06820537,269.6466556,446.4507253,11.85691442,82.44550327,3.179884727,1
9.67576,131.5477443,21626.49759,7.207846354,345.785,390.955033,14.84495478,26.50548404,4.728123985,1
6.105140135,249.141391,45249.44903,7.369360303,338.7713073,314.9650897,11.25177781,88.65747732,3.103089844,1
9.443358884,73.49223369,20438.22469,8.024953111,315.8056588,458.6772315,12.53868069,50.85247034,3.486646409,1
6.887414371,223.603058,29189.13672,10.51446604,253.8305522,386.6228625,11.31229362,67.9161827,4.564188355,1
6.512900833,169.2174798,25151.41157,4.613310783,375.612318,296.074382,15.08869952,74.07592557,4.404040365,1
5.772718095,213.3635446,26124.93141,8.630718965,273.2794477,465.5592858,8.006207774,59.96433443,6.494249467,1
4.912557262,308.2538329,44063.09842,7.927976945,280.9336643,327.4756504,14.85798109,67.8689,4.897372508,1
9.739561949,166.948864,13623.16006,7.235921759,385.0591343,369.5912891,12.32260382,68.50585165,2.568079877,1
5.541979019,185.6718736,20143.06526,10.23617597,209.4710584,517.9357855,18.46401541,49.37131866,3.672975983,1
6.259651603,208.3794303,37356.7464,8.565487273,256.4738386,380.2401927,5.567692791,68.44186536,4.213405262,1
8.59639118,189.5231608,14518.9745,5.124129422,422.990413,348.0414889,17.35807147,64.9868,3.519884366,1
5.767349597,272.4721781,15417.93283,7.728859875,315.4049171,424.461152,15.28426758,60.8221347,3.896090487,1
7.088940642,206.3641219,13839.71343,8.08824197,321.2961415,369.9693333,14.89609216,66.67465815,5.661104287,1
8.029181613,158.0403984,19663.46943,8.433448388,283.2704951,431.3047161,20.69619806,59.97292857,4.388551012,1
9.65765,286.2017633,46931.88429,7.44002394,262.526456,557.4218785,14.47165033,74.04385963,4.120931424,1
4.725785565,249.6709994,20834.29428,5.036010053,378.9986845,411.1144853,17.76964143,78.81743621,3.15633142,1
8.19576536,214.5176104,10389.54254,6.295405022,327.1938979,403.189913,15.06704165,72.75681246,3.218709224,1
6.443753668,196.6159916,25740.41259,2.484379977,435.6727646,352.3536228,16.92441864,33.05188771,4.498684931,1
7.039094321,179.6452245,28827.36019,4.945555199,389.8892709,593.3962245,12.07920712,58.36350654,4.366031351,1
6.945224092,220.9600411,36438.31088,5.551660447,337.9638906,367.9979774,20.16073442,53.00772316,4.823082014,0
5.742110407,188.216604,26831.61041,6.202721182,318.3766764,498.1423861,9.657360417,53.50852267,3.323069564,0
5.59662785,177.2137917,17925.35212,8.43547011,303.7341659,552.3087055,10.33998559,57.82061113,5.235111121,0
7.350378987,193.6333668,26736.08557,10.41658888,309.4168828,557.4956847,16.51972223,61.07738287,3.663922184,0
6.262798867,206.8897483,31414.52581,4.528076191,349.7346616,567.0272739,15.96353978,73.02260527,4.012517558,0
9.927023723,208.4907383,19666.99279,8.00861831,340.2378243,482.8424352,11.36042703,85.8291128,4.051733473,0
5.381407519,175.5743066,15371.99994,7.457245264,312.354938,308.7297975,12.17894044,78.i767,4.364066935,0
4.961352728,166.2599616,22229.23009,9.922077893,295.1318312,449.1471915,12.00154741,63.42797864,3.902837834,0
6.457097525,192.2649447,18340.04681,8.832137592,335.9701137,517.4321968,23.37326504,51.79709968,2.637364885,0
6.53936951,214.6386028,21230.43141,6.485594271,336.9748613,532.5727848,18.26368767,90.90808097,4.527364378,0
6.252410005,225.7841009,23920.25478,7.018164992,303.7916881,484.5857912,13.43350592,67.40138415,2.722908161,0
7.967344823,180.5317069,19384.03743,9.868237892,325.4968479,386.0553312,11.26512723,67.27220668,4.069358772,0
6.78567,212.73169,37030.70812,5.040319511,351.0644584,535.3023515,15.8950482,33.37071268,4.825792283,0
7.60952119,223.2883936,40879.78957,7.030699301,310.6324499,370.27088,14.3753683,73.75695721,3.145842903,0
6.887863944,173.3250224,19947.92418,7.488703143,334.0980227,441.0026117,10.78050121,89.00549198,5.454487652,0
9.879071258,208.9056452,14673.67067,6.240247621,366.8176388,442.3374864,19.62602199,66.81658139,4.218831154,0
7.63876177,178.2716356,18308.50267,6.548097821,362.3328717,394.1809845,11.29178773,81.98915623,4.496626599,0
6.961891686,223.595839,31101.68428,3.692065358,343.8272757,530.2214099,13.67547972,70.43496194,3.44672846,0
8.060609624,208.0427107,15489.32566,5.620298799,361.9704241,423.4208384,15.37154969,75.44558913,3.60090567,0
7.240271791,213.4231392,23432.96269,5.927868127,328.359206,325.3877076,14.03355283,60.57108128,3.832597167,0
7.486779709,199.6777845,25396.01178,4.960558358,342.4535457,444.6785788,16.11543236,43.1420164,5.048833995,0
8.410460643,234.8765244,27554.34526,5.681716197,362.4895603,519.0316251,14.48221298,55.62849905,2.977359946,0
6.143921454,175.274076,29072.16965,12.0625362,287.6981571,469.983324,13.14249297,83.27965821,3.476213304,0
9.11278625,205.9410721,20868.62798,6.962789991,330.9342898,422.039495,16.12897565,77.79653007,4.567087634,0
8.079808358,174.1610935,12677.8415,7.295211586,333.5825418,589.5522114,14.85222533,39.52938651,3.611057441,0
7.078659419,232.5818483,26177.78951,3.914353184,334.1611267,380.4599178,9.633631144,41.95193959,3.696640141,0
6.98687,139.3311518,2912.211247,10.33823398,343.3180208,532.8851961,11.07834122,42.17282405,4.093097749,0
8.043889299,169.6882249,8896.195118,7.837861189,328.9398171,430.8368251,12.26349197,76.33424712,3.15994937,0
7.040244978,192.9559825,20988.42941,6.422359011,320.9488442,381.3573499,15.39645507,88.29846498,3.993409764,0
5.483974109,166.1618369,21144.97526,7.607610853,322.7330944,306.3559039,14.17100954,64.13652848,4.063613621,0
8.53440688,248.5774824,22372.30327,2.993744061,366.1462494,341.7601979,14.69290181,78.70893662,2.544733701,0
7.266594535,176.8536963,14859.05966,8.261778152,327.1722524,445.037456,19.923704,87.06613098,3.357439471,0
6.256651148,181.0723073,16905.80152,11.58615108,456.875,481.3070516,10.63974342,74.55724056,4.181050753,0
7.240351006,201.9971958,14462.67431,6.73717605,314.0431372,534.8009878,14.21379446,82.94581671,3.7829719,0
8.692115322,144.2363578,2552.962804,9.202633941,347.9751368,517.4274709,13.96342114,42.38866132,2.283475159,0
8.639540978,168.6139666,7013.211787,8.451601045,355.2138966,419.788898,17.92939462,33.6415395,4.192932215,0
7.179864149,180.8542106,10859.55375,8.263503442,341.3024863,358.0562635,12.06531693,83.32991786,3.878447314,0
7.163999223,203.7815979,34226.07213,9.412034556,320.2589172,415.5775127,16.22104374,90.18420845,3.354322267,0
8.926113143,189.987947,15249.62024,7.076221686,341.5268734,361.9016284,21.27809453,76.9868,2.752134121,0
6.353110302,206.2698099,18409.03732,3.72377618,348.2098631,389.6832344,13.20542545,60.29134211,2.856175487,0
6.681553568,238.5124406,26132.21181,6.304459107,309.2370093,326.0262267,8.138227491,46.08726016,2.956748075,0
5.445325981,201.3794591,28001.11818,7.208945955,331.5874839,365.0915872,11.78877657,65.9445663,3.946989523,0
7.539881893,185.8259753,21575.24522,7.442998712,333.0796301,444.1166326,15.83056478,49.06797746,4.53159367,0
8.6567,199.9180136,15335.51143,8.092377055,303.3271816,399.6054465,11.82173628,58.2222934,4.482459764,0
4.37047658,188.6540373,29542.33817,8.117114133,301.0221822,456.3084539,16.34683848,46.69694092,4.649382034,0
10.31640038,217.2668424,10676.50848,3.445514571,397.754946,492.2064736,12.81273221,72.28192022,3.407349428,0
6.599593819,198.3232608,21078.88717,6.234231482,331.4956368,447.9877914,12.93630433,59.8336193,4.702310753,0
5.903465715,201.8640323,25394.10472,7.692154202,313.6480717,434.7197472,18.00670264,59.97215953,4.587086719,0
7.705711006,178.9228576,18476.61917,8.226228135,334.8899106,518.043369,10.63879836,63.15748919,3.861956077,0
7.815121778,190.3139043,20229.10815,9.186893055,335.6387257,379.222873,14.97934763,73.42542759,3.096163272,0
6.139743032,168.4442145,23894.13601,9.494581698,318.0260869,494.1291249,19.11602216,60.26476691,3.841221574,0
5.041405028,193.1678535,17342.31408,7.842974788,322.1069975,444.4534957,17.47278848,66.54219804,4.543685761,0
8.675192692,200.7359412,15049.5842,8.630380615,356.805465,441.2980876,17.85305375,74.5865113,4.97857536,0
7.689358004,221.3568855,30253.8511,6.269309001,320.4781059,529.7465288,17.97327721,84.69636557,4.978556095,0
5.608745232,152.9540623,19835.98077,9.345981465,323.3933402,596.0763683,14.38072463,49.4282521,4.644211645,0
5.701154645,233.5150425,41411.60171,5.895464025,310.1605449,509.7678877,22.68683674,73.75188269,3.403136416,0
5.412762498,226.5864876,45510.58432,7.070185248,307.6214615,420.124761,21.94018962,58.851736,4.091205593,0
6.87578,208.177464,17264.84092,3.296157321,387.0708235,631.3042163,8.404570009,68.30059035,3.912148351,0
5.018132384,169.3972377,29072.03812,10.71147541,297.0132721,467.2180731,15.91376093,23.79295047,4.286478967,0
4.552238411,197.076934,25969.21512,8.865421999,456.8687,461.8362776,12.85340479,69.33505684,3.932804334,0
5.87687,203.5059212,21417.59361,6.072637611,319.522689,348.5273214,12.61296618,68.64254526,4.613578722,0
7.025305942,202.809081,23502.8578,5.2390132,335.5487189,471.1317159,13.89151934,63.75185484,5.989542791,0
5.770620969,194.5001438,16173.72709,6.341797302,318.7889329,387.1304829,12.04291419,52.51226111,4.240821478,0
8.437875983,183.1066249,12856.92869,7.400019481,361.7796821,587.022609,15.92692077,77.95126165,3.815468994,0
5.907078269,213.4710813,41839.45645,7.924762107,312.3299474,357.2589703,15.59896478,54.42187895,4.296479909,0
6.89834133,187.4153064,19024.48553,6.915070212,324.756,428.7869759,12.58016151,44.38021005,5.371284156,0
10.25273437,217.7366692,9651.874826,4.338353353,369.2977086,528.1216265,18.66140305,54.15044964,3.290372492,0
8.206499938,182.9053594,18949.97554,6.662948925,347.132562,332.8553213,18.32840115,66.68838419,4.22512093,0
7.286167388,208.4440851,30879.02668,6.856967134,336.0488317,352.6021464,10.56645201,64.02533282,4.686019916,0
8.809296432,226.1059008,18140.59427,4.930380712,320.7993822,350.1166859,14.33883976,64.33463735,3.87905374,0
6.641500687,198.8844095,27867.48676,7.327729345,318.4083972,573.7237623,13.19171963,81.55111393,4.694311216,0
6.145148361,197.5410721,39657.27211,9.900159427,288.1578825,319.4340326,11.58737783,120.030077,4.600885755,0
5.906441765,177.8913689,27296.29404,8.86926796,312.0157982,385.8128184,13.93868558,60.6137952,4.807495942,0
5.38984593,163.3443524,19646.23342,9.092721173,314.2375769,491.750448,15.49632541,48.68658362,3.577674921,0
5.006562979,160.496448,27218.82198,11.54319047,289.9757767,303.2563429,16.56939117,70.69906614,3.665205612,0
6.5036382,163.2566344,15000.18777,7.641833653,334.1031198,517.4283917,17.5306595,37.76551768,4.963184434,0
8.805177745,157.2319816,4728.650671,8.848262224,356.7736375,299.2797747,9.439925286,61.64059674,5.176205069,0
8.003031485,186.4630821,15007.27268,7.697323746,355.7260064,561.6131872,10.15323287,67.0003505,3.137551206,0
7.157337864,214.0101011,23718.55201,3.924366893,343.7643769,506.899657,15.44604899,57.9868,5.183622115,0
6.427365144,202.9449791,20920.25156,5.527620653,338.5823539,332.6127519,12.80902397,75.10133404,3.568823153,0
6.124672271,179.5797525,27951.61307,8.075626886,303.6469276,467.171822,13.83511668,69.01748768,3.631006709,0
8.457901037,228.7321522,16061.5901,4.142485399,356.3048253,370.7121076,14.06171029,82.36469151,4.914276095,0
5.772197394,200.1449708,27840.69421,7.132239773,318.6434912,414.0150432,15.55010138,62.52127369,3.078985839,0
6.75765,220.976049,11562.43551,6.033392289,359.1869012,406.466385,14.14931749,59.37321782,4.589161805,0
6.760790523,192.1426205,19089.94856,4.36452141,345.0188972,457.5548272,13.27252598,49.75765,4.905490433,0
7.895045662,174.6926854,10465.2616,7.668315445,350.535418,472.0429124,14.63390897,60.86223373,3.084431233,0
8.576739928,221.1502583,24897.2866,6.222626356,341.80921,389.2927845,15.95213165,36.0825831,3.916114733,0
5.596729818,229.2950981,44652.36387,6.500953108,323.999049,424.2570133,12.36182677,40.41209769,3.826158191,0
8.145632374,218.4408042,31350.27577,5.507649678,334.6448874,376.6698777,14.88630503,52.41577465,4.307547519,0
6.665495068,222.4877721,25319.91387,4.970958566,339.0597496,318.5643304,19.36869791,72.71677464,3.928495392,0
6.499067998,173.7688739,23734.84621,9.00905572,330.1646816,593.5617556,13.98629365,63.69387601,4.355880125,0
9.735889388,209.7615128,10897.15029,6.106566876,358.1931208,449.3677902,13.91164543,47.10018614,5.573210319,0
9.268281895,204.3604853,14333.53802,9.070126287,328.2979468,431.4754122,11.93480194,90.90179972,5.255703382,0
9.042582866,221.3201844,14149.49983,5.325852715,366.6684085,377.8579586,13.00844311,87.89616571,4.34844014,0
5.970578908,202.7455203,19952.30947,7.872037771,311.1881847,412.0389222,18.63214156,73.16633787,5.013281168,0
6.273805782,191.8503964,15130.15437,5.11275051,349.9495296,538.2037134,12.38359721,52.09768738,4.510405324,0
6.604007989,212.9784674,23564.57966,6.608205099,325.3538597,430.332754,14.35290461,33.40304793,4.458966913,0
7.14394199,153.2363644,11553.03928,8.444687185,329.4044567,278.4832659,11.26688617,81.7184127,3.792840307,0
8.11644657,208.6891531,23985.86442,7.513870224,346.4237871,436.2905517,9.612293184,67.38115657,2.934697437,0
7.66518778,209.9972465,22993.72935,5.543901316,343.4942197,417.7389884,7.750606555,63.55182239,2.707129162,0
5.555352973,154.3006837,20503.43005,9.644996548,313.4702967,355.2069685,18.46869035,75.14036171,4.536145914,0
7.543931305,192.2345408,24227.96114,7.241343465,336.1510498,369.4276991,18.18887253,70.58850738,3.703191306,1
8.165714933,203.4193307,16925.0123,5.574341667,337.2523247,527.9125436,18.36143559,60.39354848,3.92011648,1
4.931958445,164.6667686,31155.54022,7.4114835,383.7826259,506.5314139,14.98003369,69.24922883,5.045982883,1
8.977821883,198.996287,20225.64292,7.56951815,352.6858428,492.0978246,19.62192339,64.17723224,3.199999614,1
7.372611796,220.3871636,17606.88569,9.426339354,274.2068037,551.1452068,14.82644147,67.30542126,3.182521119,1
9.107330383,202.5147114,24678.32929,5.57590637,334.7173347,467.1107616,12.93732874,46.93525183,4.492139949,1
6.704635426,230.7669398,9727.761716,5.943694579,223.2358161,405.7615711,12.82650937,74.38519942,3.42217862,1
3.623165848,156.8989167,26738.52536,5.023142591,388.7522531,388.7526203,17.1960121,63.56487022,5.370205549,1
7.966856824,186.353361,21440.73885,7.832473708,393.7670457,461.3562275,13.91386963,86.12181104,5.115430914,1
8.907987118,202.4612113,33653.76196,5.431878696,330.8271328,426.186565,18.75990224,79.37062125,4.641258532,1
5.898726325,198.3100198,21148.2419,9.124900322,326.2542815,312.3885856,13.042948,74.31161876,4.899815187,1
9.514626622,215.725527,16553.56244,7.54785947,321.7762131,453.9184895,9.640241052,57.86542318,2.64503637,1
8.842463656,229.9644224,7839.31876,10.50880989,278.428265,370.0851534,15.79097733,77.16661878,4.576728706,1
7.721078494,208.4385926,17248.61874,7.685369735,286.4035215,269.0136348,11.75734824,56.884528,3.22395109,1
9.089421098,208.91472,32238.07778,6.895013645,321.0804652,449.2599756,12.51464126,89.21307429,4.430116016,1
1.757037115,147.5818314,41538.24273,7.728177044,376.012933,428.4448225,10.82869634,65.00583981,2.96755413,1
5.085429353,173.5659711,33455.24099,6.033247172,351.271267,507.476249,17.79595745,62.46613537,3.96173067,1
9.545270521,212.0463911,25189.83062,6.203868785,316.5673193,498.2669594,20.05151858,52.90112726,4.983903465,1
8.596767212,202.3431875,15173.47115,7.248624986,373.6533277,315.4790704,15.0086742,76.87966926,3.238692933,1
6.436444496,192.9956648,19579.38955,7.640874322,314.922739,379.6753668,12.89704926,75.83913181,3.415851385,1
7.333477726,233.7213551,16066.55212,8.181988065,224.212503,401.7393087,15.31397775,81.84206216,4.772662701,1
6.144759038,210.9797475,19981.31519,9.203614112,271.0971043,332.5981262,17.18796335,79.63424204,3.082080496,1
4.725997721,175.9914868,34265.83058,5.923395847,324.8707242,441.9451807,12.63608646,86.8768,3.644606541,1
5.393345914,172.5502615,28099.03873,5.789668676,372.6219432,505.5423487,17.53070356,67.27387448,4.633854752,1
5.624819996,215.8228726,9028.760345,9.256097772,274.2923054,340.6483926,10.68067274,72.48745023,4.355489162,1
5.768868031,184.3950028,31155.98882,8.392833532,356.5526971,380.0968101,10.43033979,100.2316678,3.092626379,1
9.961247709,220.038186,11939.76986,8.428753588,337.48361,398.6809356,14.7925852,60.99184258,3.246583097,1
7.417502637,198.705653,24389.36289,4.790681389,289.3313578,366.3707236,18.41518046,87.99622277,3.391240667,1
9.90081484,199.0837518,16233.13468,8.146643168,380.1130295,345.0198518,20.38671963,73.38148842,2.39500211,1
10.2684305,218.2166825,13753.99337,7.512608141,334.1780747,341.6022087,15.67156353,84.68266023,4.304689262,1
0.22749905,152.5301112,39028.59934,3.462492048,283.6937822,443.0292321,13.2019432,62.32271111,3.545741438,1
6.017260924,206.0143998,15157.26879,7.582123856,307.7044736,431.7819875,14.22175704,53.31997717,4.427712282,1
7.110845138,213.8863369,25043.5328,6.048437038,245.954253,505.7355345,16.38314048,91.68102605,5.712792127,1
6.350290472,190.3837378,14905.39385,5.537830157,459.875,446.8406051,13.98356664,67.81709624,4.265233067,1
8.12934172,211.1233123,22982.92744,6.779005477,326.3979533,367.9887837,13.91093319,55.79535664,4.822043564,1
10.25281623,218.2797001,18158.84212,8.657341897,349.5295679,336.1988372,19.44259882,82.85827184,4.559836219,1
5.462355935,187.7095327,11642.149,8.439641071,256.8968,534.6639449,8.129792646,74.60371287,4.486180492,1
9.239440361,212.5690763,14829.62421,7.172920417,324.1289153,575.4219684,16.58112044,66.88527013,3.471971127,1
7.071314192,213.619625,20038.79642,7.602251874,290.0572188,605.3050414,8.713963616,58.41345969,4.29372656,1
7.115895266,193.7067445,18463.88366,4.924388997,319.0569513,369.534034,14.8415799,54.43749402,3.736020547,1
8.238996597,199.5945387,25046.79864,9.288019857,350.835986,328.3633983,18.74323079,54.41696499,3.089923749,1
6.920342899,207.8213631,16689.7996,10.03114637,286.4138616,481.9558771,9.77189594,78.29502214,3.266213475,1
10.53809844,200.1398287,13867.2442,7.365015093,409.4467298,340.8088228,17.07312308,72.73063948,3.823092676,1
5.729302912,162.8575851,34573.67879,5.654856361,415.2870722,297.6313652,13.99084222,76.74467672,3.556394812,1
5.335688809,178.6401187,37993.18275,9.772521848,343.2583593,465.0727958,14.83425698,65.32653149,3.921976381,1
4.7676,177.1740208,38977.3308,5.477161308,402.4993928,484.1729533,12.30010681,61.56947695,3.261591731,1
6.769834881,177.173258,34596.00187,2.86607303,369.5329965,389.5162861,17.26807363,64.86860788,3.655789569,1
6.848329601,195.4514824,15908.64209,6.241348598,319.2647222,404.2048592,18.93733758,75.3927951,3.732202018,1
8.54654,231.1598241,12856.72862,6.977018583,344.4477373,392.5169018,13.21722269,80.95645792,3.30829418,1
5.875676,205.0887889,27064.41841,7.398378636,304.9264751,409.5018417,18.52179155,61.48610514,4.599572634,1
7.87567,155.8643817,28224.77418,8.366722755,392.5825823,421.3437362,18.7786961,52.64059396,4.930189986,1
8.589202344,233.7279746,7263.056749,6.95330778,268.9713553,258.880209,8.986363424,41.9304389,4.041445671,1
8.473649323,182.9971987,36412.48826,6.144665655,367.8968,414.3080549,14.25535626,56.73518664,3.487816307,1
7.591346094,199.2553218,25383.76518,7.924616265,318.6104785,416.4456175,20.11882693,48.27120968,4.515150114,1
8.137767883,203.8618673,24172.70331,6.844017626,305.8325797,470.8362645,19.23296141,30.7084213,5.003825786,1
5.35256598,150.4952143,27795.73204,5.464057648,445.9383912,422.4225087,16.14451044,78.37484518,4.779187009,1
7.998090254,241.0002765,9609.740605,9.842346073,229.5755609,428.8823659,14.99056698,39.84237909,2.626546784,1
11.89807803,228.1326732,8296.550611,9.899636695,346.6497504,500.1692103,15.48686237,63.52946012,3.024968487,1
7.442536475,180.8590906,18223.02708,8.577249577,405.3200157,564.7934853,14.76833656,57.7575536,2.191138422,1
5.140800528,209.3585612,21407.61429,4.415975931,230.5558558,378.8971896,2.2,86.73722286,4.192257449,1
6.67587,242.4134292,9783.368727,6.400151956,211.8515923,351.9973602,10.40725749,69.90949068,4.626701023,1
6.947915534,219.5943849,10337.5417,10.414781,123.8757,453.1519381,14.21379885,61.15029929,3.685079273,1
9.622105987,182.9097278,30307.21767,5.657004243,422.4456808,573.3304971,17.69971822,45.90678242,3.975571849,1
5.361211666,171.315543,24709.72886,4.184890692,366.8149789,490.658747,15.12267225,33.1196126,1.81252894,1
4.909518983,186.1907032,13652.60203,9.318247597,245.7687,460.5667219,12.15945691,89.83020929,3.785506644,1
6.376408434,182.1210382,33046.72761,5.351533189,362.3521434,350.2363264,7.59251575,66.22567378,5.404045773,1
3.94012546,163.1716531,25911.32168,4.138540037,371.9671798,487.9851851,17.75170539,63.61240285,3.478004808,1
6.916825973,210.8604386,29263.55407,6.011610979,252.2313296,392.3635858,12.89221011,77.07978001,4.598622246,1
9.146557556,226.0934249,6787.48466,9.241762922,319.0258086,459.5690214,14.11047624,80.57114619,3.210881939,1
10.26841472,225.0742181,14694.42062,6.722842909,300.7637719,353.6309129,13.55379641,64.01294427,5.199864588,1
8.787667941,232.4626372,7035.133797,9.306448972,478.646,415.6248817,12.05141657,34.7565,3.489945595,1
7.36876853,213.1970192,18452.02299,8.292444792,294.344858,496.270851,10.54509177,94.8377427,3.813881276,1
9.352719753,207.4651604,23558.55475,6.504916049,346.5165347,420.5945919,10.98668253,26.7855,3.398264165,1
9.393148442,215.0513646,20592.25894,10.08953715,331.3387387,447.0744599,10.77863263,54.42696837,4.665681059,1
7.296572875,197.6469506,22535.08516,9.288199605,323.4490542,353.0629066,6.039669028,82.53617278,4.679168643,1
8.900864697,211.3068119,9592.151333,8.863272376,348.4378199,333.7753271,18.26795085,68.33316991,4.51875067,1
8.107244313,228.1718587,18364.83142,6.185947771,246.9426113,369.9031987,14.61342264,101.3515254,4.688271256,1
7.804368874,216.6738691,14160.68677,6.060143582,281.3559754,468.2125374,15.14754698,62.8606268,4.075556975,1
4.666148131,171.2887001,35680.06788,4.894373617,314.6138512,501.9028641,14.21062445,56.91025406,4.556863752,1
10.90507641,207.0048366,16099.1519,8.186478946,369.6838669,575.3090369,17.55687962,80.74984922,3.720264379,1
4.739548767,162.2468857,27215.90274,2.862535374,372.8150748,437.2175902,15.13047649,65.09129142,2.942348225,1
9.869231935,223.7726613,29549.65882,7.716922923,281.1184903,356.1819159,14.20266406,84.01358459,4.736849577,1
1.87566,182.5822278,19575.47536,10.04838322,424.6889941,383.4909539,19.48294518,76.63479825,4.32920405,1
5.827541212,191.0049304,25863.34324,4.823831505,316.0255129,370.3572882,18.36185806,48.65810862,3.179128741,1
0.989912213,133.2169416,16922.8539,9.293288644,444.3757307,322.2911912,10.43007634,43.57846551,5.160603788,1
4.76878,235.2405873,10443.79653,7.605518818,234.976,319.8429301,8.286550373,80.54035147,3.900508521,1
9.485832873,218.7382355,15357.83337,8.534458442,315.8313963,429.6222122,15.6211387,64.8260282,3.221129819,1
6.435722717,214.7246693,9363.853988,9.997623567,273.4631394,508.345207,12.92586966,71.42858985,4.925339107,1
6.365497241,205.0565358,7040.737621,11.30283119,325.3285434,371.579634,16.35285801,74.31259212,5.125416576,1
5.87687,202.4751623,23828.20768,5.531684613,409.2862103,414.6176551,13.79765641,59.52166408,5.266367539,1
5.452214926,199.2284675,14446.81239,7.689190529,298.3184183,469.1319513,14.02050742,95.30623862,5.19053381,1
3.78587,215.9665791,21852.43794,7.457514884,283.7558239,364.7010954,11.38320988,76.53880284,5.076362464,1
5.433466239,177.8283023,31421.73163,4.58413391,347.0973537,490.2846741,16.06643903,58.41669861,2.871196031,1
7.374775414,217.6986438,12285.89148,10.038245,298.6578,358.9832544,16.29371561,93.78437986,3.592264728,1
3.67645,175.7085533,25954.03176,6.229321818,346.2250616,379.2906459,13.63691003,50.59076525,2.951395753,0
5.226941884,177.3196034,28398.5542,6.294517393,336.2929185,328.3874298,18.46309476,62.07590199,2.259550289,0
4.594209164,185.6328581,27981.09119,6.761683214,354.7852174,380.7232523,13.98383301,74.57691444,4.917909887,0
6.784133024,212.4423382,12827.62101,7.403641894,287.8756,328.0335757,10.86177527,89.57703603,5.035822844,0
6.400256164,172.2990001,15936.24736,4.935997766,340.3929304,435.4056098,11.0756218,58.36599451,4.561493819,0
6.839415898,166.8669704,28508.6378,7.238828645,467.7858,460.7659944,11.37873797,73.46513313,2.854526552,0
6.901863449,164.7234862,20442.61501,5.163931373,341.537089,468.4163498,10.36262263,65.69487776,4.047907292,0
8.7566,191.5548152,22462.11329,8.18625838,498.7565,349.954534,17.24730722,76.76779656,5.260301115,0
7.888843574,228.4883938,15824.78873,8.388944214,314.8432913,423.6627075,17.63036246,56.42021031,3.630523985,0
5.527633483,218.5189231,22095.63716,6.436288161,565.767,412.8676105,12.64013548,44.32864139,4.59113705,0
6.492403122,234.914512,18607.21319,8.620697295,302.1313059,442.1042076,14.11682361,65.63675858,4.383394692,0
6.684699737,193.8409311,34157.18447,9.87657405,344.5354072,498.0639962,8.818756567,66.65935223,4.030659831,0
6.7687,196.3346728,24108.12755,7.8431436,352.6239117,428.7706104,10.28767317,73.44593376,5.034682957,0
6.223677775,238.0842107,22423.49521,9.3367738,245.876,474.6653317,14.02776594,80.77427549,3.919575057,0
4.758648347,203.5378325,23603.06542,7.667128479,324.0843341,288.9124568,18.06495658,85.9166662,4.405508764,0
7.440825031,183.3627126,17259.8523,4.610244692,335.6264426,452.9952928,9.700906283,80.53706529,2.496342612,0
8.054885744,200.943484,12642.06595,7.309821639,334.4420643,446.7484416,14.94908037,71.20203815,3.514097775,0
7.061830972,215.946322,24991.76602,9.138390839,321.4733596,431.4246894,12.95044416,64.02559032,4.299018587,0
5.7676,214.7378307,12666.00532,7.09269132,302.4917681,319.4230515,15.43383428,92.69393564,5.00587853,0
7.611609817,222.2522695,25063.68301,8.561123755,287.9481232,505.2654826,18.27375696,68.39541321,2.87326121,0
4.691438315,200.8894064,32182.26232,8.571649638,364.7467863,516.8516225,12.40443875,85.02622691,2.730792274,0
8.064170137,209.8393334,8712.002588,8.591510126,355.4437211,338.8481579,18.72131157,106.243066,3.246077223,0
4.292966858,212.8086454,30434.26912,8.630313014,333.4825401,382.922363,15.77992197,39.77551322,2.804923583,0
7.865756954,184.9129171,16147.00195,7.321343443,234.8757,505.9128645,11.09284167,88.04898896,3.738618343,0
9.085637102,238.221968,9001.658753,9.820230919,325.104847,381.3465821,19.19574006,98.49081929,2.544020276,0
6.592442508,242.4804727,9381.239931,7.303183678,312.814395,440.6011346,14.0272968,70.92987947,3.060827354,0
7.032818726,168.8223953,29370.26418,5.390593423,432.8756,521.7808842,21.11924925,58.87676573,3.633373289,0
8.990317234,195.8090284,23728.29401,7.50830529,348.7146126,551.5403898,15.25439184,75.90786933,4.494544339,0
8.561218924,205.3668311,16686.31276,8.159299081,421.6565,347.8409649,18.89313661,68.08986547,2.813888599,0
6.739157692,156.4827594,30950.6811,6.543089824,363.1796235,425.2888367,11.65345775,70.36704882,5.214484016,0
5.85676,209.4268373,20827.98384,6.59137114,313.8746839,567.6041514,17.95484851,40.140152,4.23825298,0
6.492627157,213.0653848,34314.08709,9.041146085,335.2919259,313.254743,11.13531183,70.82910987,3.378778493,0
6.753128353,191.9829945,18222.93196,3.920973662,296.196618,389.7424621,9.689143568,92.21961523,5.102516757,0
5.039373609,142.860598,40829.35317,7.27154271,234.855,386.8030566,16.82377293,52.29711325,4.957419783,0
8.296344056,198.1970512,17468.9998,8.262903987,369.5907405,294.3251422,18.02609815,44.06162518,5.400810789,0
5.455599352,152.3867347,37620.24847,5.783579819,567.875,343.4175878,14.40165409,41.10986937,4.476348715,0
7.918183321,224.1520045,20012.17298,9.008726094,302.3936053,421.8900828,22.18784921,72.72786842,4.764193594,0
5.01804587,194.6681671,27317.09944,6.155483653,432.8968,313.4779593,10.4074788,85.68527247,5.035153707,0
6.495435285,252.0109026,32775.63258,8.479302,234.875,330.0450518,9.854011285,80.56107733,3.39047054,0
5.75756,203.0502439,28184.90053,7.076633582,344.5241793,445.7007612,19.77536713,53.27015158,4.456104061,0
8.783167624,218.0328398,16183.58665,7.390474096,334.0538855,389.0216156,16.35452024,47.10098207,4.274136884,0
7.87566,184.7506979,28499.10733,6.550031094,330.7195488,381.5016036,11.04440513,62.01482209,3.403269587,0
8.159666704,215.6482163,17068.29886,8.769621767,319.2532011,459.5411588,14.19254435,60.3737223,2.957194849,0
7.685396843,230.3357076,7324.701425,7.991366183,331.5125334,492.8503914,14.2339516,74.06865816,4.179187128,0
7.762020745,173.636742,15548.41667,5.018671102,330.3909763,520.6407738,11.14770411,87.4815046,3.256301329,0
7.207931097,204.0103465,18493.87218,5.557863756,311.5682272,437.5120421,12.99459554,31.39045029,4.705561884,0
6.9870415,169.7271158,19472.62433,5.017698088,366.0189196,425.670964,17.31468113,48.88219843,4.475161103,0
4.692196563,221.5477734,24211.63077,9.363249825,307.7139958,406.551667,12.61825178,60.00314768,4.009006062,0
3.65767,219.7257126,9840.78282,8.513654609,309.8387324,396.8056521,12.42876341,71.62549657,3.183435323,0
4.059431468,200.3830795,25770.00672,8.342129767,498.6877,414.157826,11.08483406,67.8756,4.330321564,0
8.389945659,213.6656848,17674.70615,8.348814761,456.8767,471.3698805,19.30124821,70.82951341,3.569717312,0
10.69553249,220.4510783,10571.77038,6.521422285,295.9760944,414.2560865,14.7748006,58.73593289,4.154845328,0
6.791696907,175.8943459,21467.95087,7.101223816,349.4921773,427.2397403,12.55698319,55.25391163,2.817391374,0
9.953952112,232.9490019,3773.281147,9.979849622,311.5682272,339.8830287,18.34359021,82.44900208,4.052905069,0
7.998090254,218.9864062,9836.401847,7.064672495,328.724289,386.3452475,15.54796357,57.32811606,3.837256627,0
4.489783796,188.2519391,14906.04792,8.486030243,374.2269262,518.5852526,11.22657799,65.18275873,3.776225631,0
8.020869103,175.8736762,21759.36393,7.48727812,352.983112,428.6609649,4.966861619,72.30521867,3.442121236,0
5.090035332,174.2663575,34094.05718,6.741909445,376.6636079,526.3610816,17.10756313,48.5462575,4.83886228,0
6.466874709,214.3372704,14848.12949,7.054937966,304.5732451,304.9563717,12.18082601,85.68527247,3.408168792,0
6.702496216,208.5537845,29057.22762,7.029491111,302.7449602,361.9477582,10.61458159,53.87973715,4.267952934,0
5.766204134,179.5726525,27700.12195,6.198937219,321.1604634,536.2686727,12.82812074,90.0067655,4.47201817,0
6.571099217,207.741025,23372.88265,6.280195162,313.8469725,497.9023198,12.87480498,75.4167102,4.555949236,0
8.509220049,200.3043481,10587.30493,6.392545064,307.3989595,585.2226284,11.79899055,63.82756869,2.519891581,0
5.953981878,186.4570837,32241.07961,8.439680712,347.7131572,416.0909979,14.63892652,68.90775427,4.071916487,0
5.403196492,185.6435227,27509.89342,8.257587185,311.5682272,587.3786921,10.02403918,63.39749985,3.871463111,0
5.596929951,162.7246723,23930.37455,7.45655651,321.1604634,535.3395605,19.17473871,54.96631665,3.506764606,0
10.63290961,198.3780118,12958.74846,7.135496644,322.6232487,522.0278703,16.7221946,71.77601755,3.722454851,0
4.916819229,162.4567843,22829.12321,4.024455657,360.5904451,541.7723151,11.58014075,59.39678681,3.836703239,0
7.183095932,200.368159,13501.67797,7.982096708,358.3318489,617.5409065,11.17654813,71.5368343,3.806539439,0
5.923441415,167.6586022,25951.55404,6.296103203,350.3819811,471.8575107,15.77046418,53.32181233,4.10736363,0
7.377036504,175.0082757,15340.95184,6.144844982,371.0105238,579.4618244,11.91573964,78.17917084,4.531658688,0
7.833495881,220.9574326,28338.98146,9.370848444,316.2744033,462.1424242,15.33300458,57.03352177,5.580829963,0
4.745764371,186.3031371,33153.81298,8.840473501,370.167851,296.9641017,14.78431358,48.45137454,3.699146259,0
9.055825785,196.4758989,20226.28794,5.838594348,298.8035603,342.3594105,12.81363426,84.2792184,5.45691283,0
5.492155983,176.2714037,26422.09789,8.072933638,366.6447662,500.9387879,7.609797727,59.39678681,3.294129366,0
4.487517479,199.0514027,36860.4689,9.751560797,338.0494275,390.5669453,8.123470112,75.66878452,2.765722248,0
7.027185659,185.3207014,30988.97302,8.600477187,327.46267,326.2690802,9.982010229,52.71658854,5.35304334,0
10.20064451,182.0806013,8016.202938,5.567500642,337.7815799,291.6002828,13.46992402,50.56737213,5.174719759,0
6.784279329,140.3667086,17569.57982,4.084932416,269.4901733,374.18184,10.63423012,97.08705976,4.045547056,0
8.080415244,166.8917001,18136.12886,6.86755296,298.8035603,600.937203,16.30779009,55.58614173,4.070824292,0
6.86313625,191.348259,14017.37207,6.490700311,345.5604812,423.9783892,11.86324832,65.79168659,4.167336457,0
7.344975869,182.3069422,5689.804405,6.764349993,373.872785,360.1844731,20.4839023,73.48898065,3.418763195,0
5.923739955,200.5612126,33306.01254,7.430037413,311.5682272,399.9483325,13.79786968,63.4634088,3.884460371,0
8.285395275,196.5520678,19096.82237,7.357857255,342.936881,388.941163,14.15147307,73.18701323,5.438487907,0
5.949518764,160.4426313,16898.8083,6.04590644,367.3285417,451.0127884,16.3599511,62.36823392,4.072197622,0
9.085637102,192.2021681,34160.92514,8.963155528,363.4727979,474.7817344,15.90527043,50.80782512,2.998335472,0
7.998090254,215.9971166,35971.02511,10.03050816,330.8589265,558.108549,14.33780438,81.76977525,2.934137001,0
5.296578804,220.0808324,39537.08646,9.232766062,322.4335918,393.3886033,10.58333615,58.80146948,3.918469801,0
10.28206797,198.5463635,8108.297322,5.548407104,332.0179353,568.0789802,15.66169229,28.77061884,4.572923004,0
7.016836113,167.3621871,18014.9957,5.903058231,362.5234159,471.4843946,10.69258799,45.00201442,4.101397991,0
6.871607245,197.5170934,19557.99372,8.311348727,355.0872579,379.5077385,18.24071162,65.69423039,4.180389312,0
4.922045466,214.1723298,8985.911807,7.29797266,306.2391799,498.8039169,9.583323113,37.61648538,5.504749397,0
8.274069059,195.8033305,18091.20261,7.422104447,365.4072222,369.1983343,16.99633028,85.68527247,2.575423028,0
8.238878989,198.2134051,11451.31222,5.30898956,309.3294235,401.0637637,13.24332928,81.19771043,2.784712797,0
5.791154373,190.4316792,20288.23557,6.298365795,347.0410203,544.8574806,17.70683826,84.38819143,4.104834817,0
6.153368957,237.1398278,22052.03462,8.090493963,306.2391799,485.0984831,17.07526259,58.10825856,4.030337485,0
7.303051906,196.9528752,22053.01026,5.392692829,305.2215636,451.605924,14.66556053,71.71077868,4.14486994,0
7.5926723,177.0808395,14912.22551,6.041143672,349.2406145,355.2844423,17.16196607,42.11525693,3.341426728,0
6.784116115,189.6083467,12736.865,5.935771844,311.5682272,480.308581,20.60640864,76.62148876,4.072186608,0
5.606856131,211.5130972,32423.46269,6.812943275,269.4901733,446.3864036,20.92695018,52.21897874,4.070966098,0
8.983811794,223.4431113,36290.74611,9.380013284,333.4451998,373.9201602,16.52049596,64.69669078,3.817778953,0
4.922045466,197.2872066,38494.72025,9.144953298,383.2391383,357.4707042,13.12594167,61.86457965,2.291694536,0
5.700784947,185.9222471,27365.10636,7.563100469,306.2391799,359.506553,15.0894408,56.46343393,3.978141279,0
9.085637102,215.5784642,25338.61934,5.787190934,266.1099928,429.350268,11.85446068,71.16535216,3.13400015,0
10.67805626,168.6957663,7066.376917,4.86609241,311.5682272,327.6586444,16.29668848,46.67248259,4.308256961,0
7.602121475,199.3531655,11346.14345,6.900379647,304.9664881,210.319182,17.92578239,62.84667263,3.698874769,0
8.846281957,188.4150006,17734.94963,6.057867647,317.1505445,419.3955691,17.11544677,60.25157823,2.925037558,0
6.751698586,203.4004519,26325.8177,8.365470023,341.8956361,381.4403882,19.52731893,58.29394504,3.756006672,0
6.784116115,148.1031295,13597.89604,5.733147894,374.0183114,357.7110601,13.27889595,72.69549914,3.619590635,0
7.998090254,202.0798645,12519.09066,7.627523842,306.2391799,399.883388,12.74821674,87.4815046,4.43921524,0
5.088213197,159.9626123,39125.2092,6.055622508,375.619186,400.1553243,20.18959951,68.68869382,2.600618679,0
6.954907217,159.7663994,21895.2857,4.493900098,337.2671775,482.5982702,10.66349163,78.7635917,3.169714976,0
8.983811794,204.6485152,15158.72175,8.645881893,346.6497504,416.8991601,14.61876666,68.90294499,2.445673388,0
9.519659984,204.0809451,17258.18835,6.154072581,310.7162936,395.6985382,17.06138947,44.27337877,3.994556136,0
4.700392724,195.3528073,35216.53427,7.91908316,335.2793762,539.4646482,9.852784882,64.72133077,3.481943696,0
10.38613293,200.8911924,17982.38726,5.845501641,338.9992737,336.2797071,14.31941121,62.15668614,4.921340625,0
5.746529194,183.4717941,35633.26851,6.066386357,327.5578499,354.1744375,12.54887108,70.52597177,3.808372006,0
4.922045466,192.9703798,11125.44354,4.954923177,324.7581837,332.956298,15.16457414,79.26457469,4.699120987,0
9.085637102,248.9546551,25253.07906,8.921733175,296.8210343,482.8469391,14.14225093,69.10401166,3.941073832,0
10.8112895,209.10305,11848.22827,10.14106005,349.9232292,393.1864462,15.47487594,66.03031726,4.416183694,0
8.966835973,228.6913547,16764.85476,7.137871354,320.5559945,456.4264885,12.59999831,77.33013702,3.654354962,0
5.088213197,212.449974,5699.504942,6.647839934,333.0524907,269.3446352,18.0824904,89.81605745,2.27639196,0
6.848805453,204.8127108,20555.55957,9.775004066,387.6863877,389.6382279,12.29875322,49.45204624,3.130044763,0
8.861701557,200.6122986,15247.12803,6.050225266,313.1270814,521.7741145,13.78042674,69.87048424,3.579107242,0
4.252985001,149.9386547,20497.82222,3.271144024,302.8198226,427.1137557,16.0869495,68.20087712,3.58830042,0
6.729829904,229.4077836,23114.03183,9.73335611,321.1604634,521.8355248,13.14044719,68.2520667,4.724321913,0
5.924540482,186.6200684,44376.18738,6.614180463,341.6377735,273.4468382,12.75811532,59.45669089,4.224342509,0
6.783888468,193.6535806,13677.10644,5.171453573,323.7286632,477.8546873,15.05606409,91.2392992,3.250022229,0
7.390896679,219.3359778,25574.09172,8.76043438,269.4901733,553.0576632,17.73037119,60.59843161,4.325131645,0
6.470151959,176.7363757,30594.28067,4.39313815,324.6592334,524.9097809,16.61424751,84.29970287,3.125391112,0
6.93039147,190.1893878,25780.05908,6.259352881,331.0302515,481.7375593,14.04948264,70.58636048,3.699796036,0
9.302441188,236.5807942,5230.63043,8.300402168,565.767,367.8975629,12.86399234,18.10122217,3.675985498,0
7.421997644,220.3853144,15772.65317,9.157615312,319.9129388,463.2969139,16.98166011,80.26935417,3.603609581,0
6.583064856,163.3616035,17977.69394,6.542088,298.8035603,383.1245035,18.09454383,44.13646887,3.772858553,0
6.204429354,211.640958,35439.68784,6.236836217,314.1313174,552.4627918,8.660869468,56.35009618,4.106807505,0
9.066628054,203.3841234,22710.45837,5.962836939,321.5859356,496.1614524,18.3676209,76.41651045,4.055421251,0
4.713116701,209.3420509,20070.56779,6.591108949,301.9655414,354.1701813,14.02383447,89.65078816,3.923356036,0
10.58138599,213.7764386,11298.45009,7.668897441,300.1846217,497.1691281,17.97129472,83.34530447,2.966945651,0
7.574261237,227.9846646,8672.527773,7.335361864,306.2391799,433.6795425,11.23891367,54.86588904,3.686758983,0
6.138785152,158.422129,20129.97882,6.812142879,352.2299607,373.8436199,13.41781308,80.7310969,4.677289618,0
5.276323544,186.3825903,42063.8744,6.862988075,319.8379854,312.0025326,18.96441809,71.39897598,3.883029041,0
6.776879088,189.4388127,19663.79131,8.386403518,375.4573453,420.3573924,14.83156005,61.0504197,3.322065007,0
7.239415921,211.8728279,13911.82663,8.204071006,345.0439831,494.4169099,15.41647494,32.74561137,4.531825295,0
6.552279123,190.547678,15362.45238,6.928597413,356.3179748,353.0636591,14.89621036,90.0067655,3.443385019,0
8.408766231,210.7954061,27662.3971,6.634210113,291.6876535,555.580978,12.34483405,67.06182356,2.372791477,0
7.986398706,202.0939398,20447.49013,5.689518474,565.767,477.6688358,12.25839557,43.84169191,4.814779191,0
7.366915284,185.0435967,14151.76008,5.584369157,324.5704591,336.9568673,15.23382587,49.99703389,3.051316563,0
6.062738419,224.8411806,25842.58128,9.463390687,298.8035603,385.3916191,13.07474968,85.35121382,4.369454697,0
7.8564711,204.7834281,5619.135558,5.816703198,343.5454193,432.0431198,14.94772039,55.96161318,4.534681098,0
5.15839641,189.2957887,35086.39696,6.736118027,340.8718191,331.5867258,12.90979781,61.3446637,4.645852435,0
7.998090254,197.5707363,17439.44406,6.226491278,498.6877,406.0147939,16.69026572,68.96901782,3.458320001,0
6.39908051,230.0279326,23037.07683,10.51784849,316.0725606,452.9744803,13.62553323,87.4815046,2.620538023,0
7.394255556,207.9630384,29917.82021,7.816294444,298.8035603,392.4966653,13.17342626,79.78043756,4.263192772,0
4.443850856,240.1679012,24070.26365,9.768406489,338.0524372,533.968647,11.87758168,69.03652276,5.038118946,0
8.247148271,175.9118303,9913.963346,4.974506124,324.4333077,302.200496,11.07051143,71.43816536,3.94196926,0
4.902158989,214.6437558,28278.78928,9.915647165,337.137553,375.0363685,15.5031442,61.59103601,3.499048523,0
6.86313625,194.5866593,23610.51756,8.193416004,346.7680519,439.2296156,14.6597409,89.02719617,4.319777195,0
6.66953238,190.7511649,16246.17319,6.372975148,324.3418933,383.245825,7.85208554,86.44056052,1.964863097,0
7.595669984,207.1154702,13486.14219,6.192662701,328.2095662,452.445746,14.81063041,88.02036523,3.403393177,0
8.163076383,183.1618528,20335.67651,6.028559417,333.0844548,475.2964708,18.24809789,49.6048424,3.287243971,0
8.87027826,193.3699479,16854.12946,5.180105641,318.3546116,355.470925,19.03221887,58.80919944,4.182740665,0
8.769676022,215.3687416,13969.43886,7.548543437,322.7990702,369.0166668,18.91918835,54.75521406,3.776718462,0
4.737391257,215.5295107,30684.21164,8.781904578,346.6497504,313.513502,11.07028905,62.9144208,3.853388072,0
7.790874862,196.4787124,24061.3496,6.78568519,350.1172538,471.5185364,15.34331564,44.54462707,3.076214341,0
5.088213197,238.4095981,26493.07621,8.669944103,311.553679,369.2838639,11.75993045,91.2392992,3.241267187,0
6.0873061,214.556086,11628.33668,7.231926685,498.6877,344.0720282,13.23230789,98.68662042,3.666671803,0
7.651294226,200.7170513,11699.13355,6.64827278,349.2554448,420.8283622,18.86381748,52.90885102,3.258041647,0
4.771490669,200.3740756,48002.0846,9.165239145,340.3101758,310.9278353,18.76832821,63.66415534,3.936972573,0
7.651294226,190.6306362,26913.37349,4.649166446,302.4175288,509.2848688,16.19894784,64.1019514,3.452821864,0
5.392057607,198.0171652,19900.40784,7.84322565,348.9519243,419.813956,14.61650918,80.56825165,2.978925445,0
5.477283049,165.4360934,29046.08352,5.523010781,370.8930851,488.7745948,17.26518634,80.23479708,6.35743852,0
6.364155674,193.5069028,22958.00999,6.674635069,302.4175288,432.1943573,16.27182497,64.57685131,4.764412042,0
6.86313625,226.7656465,39942.9539,8.594714509,298.8035603,538.6218031,13.74474872,76.41651045,4.863377535,0
8.347949483,231.2031014,13533.23003,7.623603583,313.6711274,527.380871,18.66390108,58.05286607,4.217861431,0
6.615981652,194.980636,20919.05143,6.136369824,368.561073,383.122057,9.684376378,41.33777496,4.635709127,0
8.312379503,203.7445475,8727.247349,7.456302258,346.6497504,543.3929883,15.47040047,81.50868192,2.98809301,0
6.836224939,166.7429616,24293.17266,6.861235192,332.8815819,390.8049553,16.00699084,87.10192478,3.666613686,0
6.385470898,231.4884577,26756.918,8.774356717,298.8035603,422.0677005,16.56311638,73.2606398,4.681716653,0
6.490037175,205.5415172,19397.32389,7.894244798,368.561073,479.7861954,15.80508483,56.98201954,2.430883294,0
4.922045466,236.3569746,24873.62278,9.410657998,300.6884166,479.0560337,13.52192326,46.59887075,5.284233272,0
6.648849186,181.6881221,30733.50384,5.961272224,343.9252223,257.7041794,17.75844368,35.29618142,4.827527398,0
6.364155674,210.9797468,21174.40848,7.618884588,498.6877,572.7434072,15.11084889,90.25245504,4.217553378,0
9.323583858,212.7106698,15751.1753,5.501070114,296.848512,399.7737042,10.62226549,74.55428506,3.006650222,0
4.581968728,186.0979153,33897.0682,6.358402296,316.5527914,406.382378,19.69984804,62.32330348,4.500207625,0
7.884841993,229.2426598,21733.82804,7.903081469,315.1899838,368.7708937,11.63539928,49.80432225,4.631640754,0
6.168838539,238.3010478,24827.51664,7.720010959,269.4901733,482.6733273,22.09199022,79.1692811,4.435760073,0
7.230845307,177.5748031,17864.68939,5.818229016,343.5933324,367.6899918,19.91295017,59.30305302,5.622018081,0
6.86313625,235.0045977,3900.913892,6.938729525,286.7651014,553.4940322,19.41801315,84.84773972,4.071343675,0
8.693104326,184.7728094,13283.77805,6.52181467,348.554792,560.9659102,13.97834793,71.73384511,2.898223061,0
